Message,non renseigné,MARQUE DE LA VOITURE,non renseigné
Message n°1,non renseigné,LAMBORGHINI,non renseigné
Message n°2,non renseigné,FERRARI,non renseigné
Message n°3,non renseigné,MASERATI,non renseigné
Message n°4,non renseigné,ALPINE,non renseigné
Message n°5,non renseigné,RENAULT,non renseigné
Message n°6,non renseigné,PEUGEOT,non renseigné
Message n°7,non renseigné,FIAT,non renseigné
Message n°8,non renseigné,CITROEN,non renseigné
Message n°9,non renseigné,DS,non renseigné
Message n°10,non renseigné,PORSCHE,non renseigné
Message n°11,non renseigné,MERCEDES,non renseigné
Message n°12,non renseigné,BMW,non renseigné
Message n°13,non renseigné,OPEL,non renseigné
Message n°14,non renseigné,VOLKSWAGEN,non renseigné
Message n°15,non renseigné,AUDI,non renseigné
Message n°16,non renseigné,TESLA,non renseigné
Message n°17,non renseigné,FORD,non renseigné
Message n°18,non renseigné,MC LAREN,non renseigné
Message n°19,non renseigné,LOTUS,non renseigné
Message n°20,non renseigné,BUGATI,non renseigné
Message n°21,non renseigné,BENTLEY,non renseigné
Message n°22,non renseigné,ASTON MARTIN,non renseigné
Message n°23,non renseigné,VOLVO,non renseigné
Message n°24,non renseigné,MINI,non renseigné
Message n°25,non renseigné,SMART,non renseigné
Message n°26,non renseigné,SKODA,non renseigné
